repo,name
CRAN,devtools
CRAN,BiocManager
CRAN,argparser
CRAN,reticulate
CRAN,rlist
CRAN,oro.nifti
CRAN,oro.dicom
CRAN,fslr
CRAN,WhiteStripe
CRAN,matrixStats
CRAN,R.matlab
CRAN,abind
CRAN,R.utils
CRAN,RNifti
CRAN,stapler
CRAN,testthat
CRAN,hexSticker
CRAN,dplyr
CRAN,oasis
CRAN,fslr
CRAN,plyr
CRAN,misc3d
CRAN,pixmap
CRAN,colormap
CRAN,gifti
CRAN,cifti
CRAN,ROCR
CRAN,freesurfer
CRAN,freesurferformats
CRAN,broom
CRAN,broom.mixed
CRAN,geepack
CRAN,lme4
CRAN,magrittr
CRAN,neurobase
CRAN,pbapply
CRAN,purrr
CRAN,readr
CRAN,stringr
CRAN,tibble
CRAN,tidyr
CRAN,voxel
CRAN,forcats
CRAN,gridExtra
CRAN,RIA
CRAN,Rfast
CRAN,RJSONIO
CRAN,pbmcapply
CRAN,vesselr
CRAN,tidyverse
CRAN,caret
CRAN,DMwR
CRAN,openxlsx
CRAN,acPCA
CRAN,randomForest
CRAN,RSpectra
CRAN,doRNG
CRAN,doParallel
CRAN,doMC
CRAN,doRedis
CRAN,future.apply
CRAN,badgecreatr
BioConductor,rhdf5
BioConductor,rhdf5filters
BioConductor,DelayedArray
BioConductor,DelayedMatrixStats
BioConductor,HDF5Array
GitHub,ANTsX/ANTsRCore
GitHub,ANTsX/ANTsR
GitHub,muschellij2/extrantsr
GitHub,muschellij2/NiftiArray
GitHub,muschellij2/oasis
GitHub,avalcarcel9/mimosa
GitHub,muschellij2/malf.templates
GitHub,avalcarcel9/rtapas
GitHub,jdwor/lesiontools
GitHub,linzx06/AC-PCA
GitHub,PennSIVE/freesurfer
